Top queries,Clicks,Impressions,CTR,Position
"""copy element"" ""chrome devtools""",0,26,0%,6.92
snippet library,0,15,0%,74.2
snipcss,0,12,0%,7.83
"chrome devtools ""copy element"" context menu",0,11,0%,8.82
chrome devtools copy outerhtml official,0,9,0%,11.44
snip css,0,6,0%,7.17
chrome devtools copy outerhtml doctype,0,5,0%,9.2
chrome devtools copy outerhtml official docs,0,4,0%,6.5
bans ai code contributions because they,0,4,0%,10.25
"chrome devtools ""copy outerhtml""",0,4,0%,11.75
css scan,0,4,0%,48
chrome devtools doctype copy outerhtml,0,3,0%,8.67
css extractor extension,0,3,0%,9.33
"chrome devtools ""copy outerhtml"" context menu",0,3,0%,10.33
copy outerhtml chrome devtools,0,3,0%,11
"chrome devtools ""copy element"" vs ""copy outerhtml""",0,2,0%,9
best css extension for chrome,0,2,0%,9.5
will ai replace frontend developers,0,2,0%,17
cssscan,0,2,0%,40.5
armory lite,0,2,0%,60.5
css scan pricing,0,1,0%,5
copy html with css,0,1,0%,7
bans ai code contributions they invariably,0,1,0%,9
infrastructure as moat model war,0,1,0%,10
aipplify.com,0,1,0%,12
how to reuse components in no-code apps?,0,1,0%,18
no code ui,0,1,0%,33
divmagic,0,1,0%,37
how to copy css from a website,0,1,0%,41
copy html from inspect element,0,1,0%,46
get css scan,0,1,0%,50
css scanner,0,1,0%,52
landing page sections,0,1,0%,54
css debugging,0,1,0%,56
debugging css,0,1,0%,57
primary actions,0,1,0%,57
css debug,0,1,0%,59
css debugger,0,1,0%,59
debug css,0,1,0%,60
feature rich javascript card,0,1,0%,69
email input,0,1,0%,71
snippets library,0,1,0%,74
armory io,0,1,0%,80
status badge,0,1,0%,89
status badges,0,1,0%,95